S.NO,,S.NO
1,,1
1,,2
1,,3
1,,4
1,,5
2,,6
2,,7
2,,8
2,,9
2,,10
3,,11
3,,12
4,,13
4,,14
4,,15
5,,16
6,,17
6,,18
7,,19
7,,20
8,,21
8,,22
8,,23
8,,24
8,,25
9,,26
9,,27
9,,28
9,,29
10,,30
10,,31
10,,32
11,,33
11,,34
11,,35
11,,36
11,,37
12,,38
12,,39
13,,40
13,,41
14,,42
14,,43
14,,44
14,,45
14,,46
15,,47
15,,48
15,,49
15,,50
16,,51
16,,52
16,,53
16,,54
17,,55
17,,56
18,,57
18,,58
18,,59
19,,60
19,,61
19,,62
20,,63
20,,64
20,,65
20,,66
21,,67
21,,68
22,,69
22,,70
22,,71
23,,72
24,,73
24,,74
25,,75
25,,76
26,,77
26,,78
26,,79
26,,80
27,,81
27,,82
27,,83
27,,84
28,,85
28,,86
28,,87
28,,88
29,,89
29,,90
29,,91
30,,92
30,,93
30,,94
31,,95
31,,96
31,,97
31,,98
32,,99
32,,100
32,,101
33,,102
33,,103
33,,104
33,,105
34,,106
34,,107
34,,108
35,,109
35,,110
35,,111
36,,112
36,,113
36,,114
37,,115
37,,116
38,,117
38,,118
38,,119
38,,120
